ID_system,ID_star,Component,Name,RA_J2016,DE_J2016,Koenigstuhl,Karmn,SpT,SpTnum,SpT_ref,Discoverer,WDS_name,WDS_disc,WDS_comp,Teff,e_Teff,logg,e_logg,Lbol,Lberr,Mass_Lbol,Mass_MG,Mass_A,Mass_B,Mass_C,ra_A,ra_B,ra_C,dec_A,dec_B,dec_C,pmra_A,pmra_B,pmra_C,pmdec_A,pmdec_B,pmdec_C,d_A,d_B,d_C,rho_AB,rho_AC,theta_AB,theta_AC,muratio_AB,muratio_AC,deltaPA_AB,deltaPA_AC,deltad_AB,deltad_AC,s_AB,s_AC,Ug_AB,Ug_AC,Porb_AB,Porb_AC,gaia_id,ra,ra_error,dec,dec_error,parallax,parallax_error,d_pc,ed_pc,parallax_ref,pm,pmra,pmra_error,pmdec,pmdec_error,pm_ref,ruwe,phot_g_mean_mag,phot_g_mean_mag_error,phot_bp_mean_mag,phot_bp_mean_mag_error,phot_rp_mean_mag,phot_rp_mean_mag_error,phot_bp_rp_excess_factor,radial_velocity,radial_velocity_error,radial_velocity_ref,2MASS_id,RAJ2000,DEJ2000,Jmag,Hmag,Kmag,e_Jmag,e_Hmag,e_Kmag,Qfl,AllWISE,W1mag,W2mag,W3mag,W4mag,e_W1mag,e_W2mag,e_W3mag,e_W4mag,qph
1,1,A,LEHPM 494,00:21:11.11,-42:45:40.4,1A,,m5.5 V,75.5,Cif20,,,,A,2900.0,50.0,4.0,0.25,0.0015467893,1.73985E-5,0.10907956639269323,0.1290506140420815,0.10907956639269302,0.0793403835991136,,5.29630127289041,5.27621904366463,,-42.7612135927363,-42.7454237689004,,255.18387868508998,257.819623374968,,-12.4751077597904,-0.0280475318798332,,26.7867645886157,26.3619313978518,,77.777025255074,,316.950911876182,,0.04979895952254748,,2.7925425868123517,,0.015859817237668612,,2083.394865910485,,-7.327742364330883E33,,287934.61973420583,,4992138830007506048,5.29630127289041,0.026518166,-42.7612135927363,0.026518876,37.331869501888214,0.037753087000000005,26.7867645886157,0.0270890010989505,GaiaE3,255.48862999999997,255.18387868508998,0.030885938999999998,-12.4751077597904,0.039247483,GaiaE3,1.074302,15.345377,0.00282,17.600143,0.007390000000000001,13.985332500000002,0.0039299999999999995,1.5639902,,,,00211072-4245401,5.294677,-42.761154,12.001,11.37,11.054,0.022000000000000002,0.028999999999999998,0.026000000000000002,AAA,J002110.98-424540.3,10.839,10.624,10.49,9.126,0.023,0.021,0.061,,AAAU
1,2,B,2MASS J00210589-4244433,00:21:06.29,-42:44:43.5,1B,,L0.6: V,80.5,Bar14,Cab07a,00212-4246,KO 1,B,2200.0,25.0,5.5,0.25,2.953575E-4,1.11367E-5,0.07934038359911355,0.08033104664569102,,,,,,,,,,,,,,,,,,,,,,,,,,,,,,,,,,,4992141475707360640,5.27621904366463,0.31393966,-42.7454237689004,0.27214790000000005,37.9334876837396,0.40384406,26.3619313978518,0.280652005792588,GaiaE3,257.8196,257.819623374968,0.37409696,-0.0280475318798332,0.39061463,GaiaE3,2.5399187000000003,18.434513,0.006229999999999999,20.92151,0.16423,16.681396,0.007670000000000001,2.1891189,,,,00210589-4244433,5.274565,-42.745369000000004,13.520999999999999,12.809000000000001,12.304,0.025,0.025,0.025,AAA,J002106.15-424443.4,11.912,11.607000000000001,11.18,9.251,0.023,0.022000000000000002,0.105,,AAAU
2,3,A,NLTT 6496,01:56:45.99,+30:33:28.6,4A,J01567+305,M4.5 V,74.5,AF15,,,,A,3100.0,50.0,4.0,0.25,0.009855343,1.3908629999999998E-4,0.28695968485775936,0.2556216496831736,0.28695968485775897,0.153367182435262,,29.1916167897688,29.1739235764302,,30.557951724509998,30.4762688207718,,210.624601377501,208.183199625082,,-13.522663819860101,-13.464106838915301,,31.3968821215259,37.5307465388161,,299.134321927116,,190.57451281001207,,0.011570757782436785,,0.026911244976240853,,0.1953653994542595,,9391.88504404824,,-8.266175850200616E33,,1699131.1869396656,,301114663860498304,29.1916167897688,0.06619794,30.557951724509998,0.06985395,31.8502963488338,0.07636366,31.3968821215259,0.0752765627399279,GaiaE3,211.05826000000002,210.624601377501,0.09227902,-13.522663819860101,0.09041731,GaiaE3,4.581682,13.515149,0.0029,15.325679000000001,0.00718,12.230163000000001,0.00434,1.5115484,,,,01564570+3033288,29.190447,30.558008,10.323,9.718,9.449,0.023,0.031,0.021,AAA,J015645.89+303328.6,9.283999999999999,9.09,8.892000000000001,8.417,0.023,0.018000000000000002,0.028999999999999998,0.321,AAAB
2,4,B,NLTT 6491,01:56:41.74,+30:28:34.6,4B,,m5 V,75.0,Cif20,Cab12a,01568+3033,KO 4,B,3100.0,50.0,3.5,0.25,0.0031715821999999997,4.5862E-5,0.1533671824352617,0.16422154038643555,,,,,,,,,,,,,,,,,,,,,,,,,,,,,,,,,,,301109819137394432,29.1739235764302,0.036222823,30.4762688207718,0.031012882999999998,26.6448203732306,0.044434164000000005,37.5307465388161,0.0625880498869353,GaiaE3,208.61813,208.183199625082,0.042127542000000004,-13.464106838915301,0.04412569,GaiaE3,1.1088665,15.159594,0.0028399999999999996,17.099304,0.00919,13.853821,0.0039700000000000004,1.522769,,,,01564147+3028349,29.172824,30.476364,11.917,11.305,11.029000000000002,0.023,0.032,0.021,AAA,J015641.65+302834.6,10.856,10.672,10.469000000000001,8.654,0.023,0.021,0.096,,AAAU
3,5,A,LP 655-23,04:30:52.04,-08:49:22.0,2A,J04308-088,M4.0 V,74.0,AF15,,,,A,3200.0,50.0,4.0,0.25,0.014215,1.870799E-4,0.3393757921528856,0.3105412786901418,0.339375792152886,0.0936046801394342,,67.71683113019529,67.7149087892385,,-8.822790356940581,-8.81762620525059,,3.28598248849115,-3.97107040799356,,-161.793726694393,-157.29161172811,,30.1526162069549,31.301067081313896,,19.8088256946507,,339.80405290448243,,0.0527731912927996,,2.6097137905,,0.03808793460827782,,597.2879186812694,,-9.382072318602444E34,,25057.824752706034,,3197623222256888192,67.71683113019529,0.047433737999999996,-8.822790356940581,0.029307757,33.1646180595548,0.061219495,30.1526162069549,0.0556595566336329,GaiaE3,161.82709,3.28598248849115,0.068851754,-161.793726694393,0.05263146,GaiaE3,3.3700633,12.87416,0.00279,14.569823999999999,0.0030600000000000002,11.616135,0.0038,1.4931047,1.733,3.4610000000000003,Ter15,04305203-0849193,67.71680699999999,-8.822035000000001,9.853,9.283999999999999,8.99,0.024,0.022000000000000002,0.019,AAA,J043052.03-084921.1,8.817,8.63,8.457,8.763,0.024,0.02,0.024,0.423,AAAC
3,6,B,DENIS J043051.5-084900,04:30:51.58,-08:49:03.5,2B,,M8 V,78.0,Cru03,Cab07b,04309-0849,KO 2,B,2300.0,25.0,5.5,0.25,7.103328E-4,1.94578E-5,0.09360468013943424,0.08887525713609268,,,,,,,,,,,,,,,,,,,,,,,,,,,,,,,,,,,3197623290976364544,67.7149087892385,0.17035061,-8.81762620525059,0.11387219999999999,31.94779262324189,0.24100442,31.301067081313896,0.23612571942842603,GaiaE3,157.34174,-3.97107040799356,0.23344617,-157.29161172811,0.19542356,GaiaE3,1.6874505000000002,17.426414,0.0040100000000000005,20.7583,0.08045,15.784092999999999,0.004529999999999999,1.9441767,,,,04305157-0849007,67.714912,-8.816875999999999,12.897,12.204,11.776,0.022000000000000002,0.022000000000000002,0.023,AAA,J043051.57-084902.6,11.479000000000001,11.208,10.745,9.099,0.024,0.021,0.105,,AAAU
4,7,A,2MASS J06101775+2234199,06:10:17.81,+22:34:17.2,,J06102+225,M4.0 V+,74.0,AF15,Jan14,06102+2234,JNN 269,Aab,3100.0,50.0,5.5,0.25,0.012152674,1.5162796E-4,,0.2890228402704782,0.3167175389321317,0.222,,92.57422150661742,92.5938197562825,,22.5714555341946,22.571694133628696,,42.256474425939004,39.0,,-153.05729783354099,-162.0,,28.6530364438468,22.8,,65.1550010464165,,89.24086937413759,,0.0599381003834406,,1.8980523766274344,,0.20427281608765524,,1866.8886194818485,,-6.643711461673092E34,,143334.17718738347,,3425067853982554240,92.57422150661742,0.025616301,22.5714555341946,0.022376936,34.9003150838748,0.027594067000000003,28.6530364438468,0.0226546323574672,GaiaE3,158.78333,42.256474425939004,0.03302649,-153.05729783354099,0.02474645,GaiaE3,1.4022096000000002,12.971657,0.0029,14.676995000000002,0.00813,11.709961999999999,0.00396,1.4962947,-10.39,9.806000000000001,Ter15,06101775+2234199,92.573996,22.572203,9.876,9.35,9.044,0.021,0.022000000000000002,0.018000000000000002,AAA,J061017.79+223418.0,8.892999999999999,8.697000000000001,8.636000000000001,8.896,0.023,0.019,0.035,0.502,AAAC
4,8,BaBb,LP 362-121,06:10:22.52,+22:34:18.1,,J06103+225,M6 V + m7 V,76.0,New14 + Law08,Law08,06104+2234,LAW 14,Bab,,,,,,,,0.1602070238501172,,,,,,,,,,,,,,,,,,,,,,,,,,,,,,,,,,,3425067884045167488,92.5938197562825,0.9534608,22.571694133628696,0.8472677,43.9,3.7,22.8,1.9,Dit14,166.628,39.0,,-162.0,,Lep05,,14.154929000000001,0.0040100000000000005,16.392889999999998,0.00978,12.777944999999999,0.0045899999999999995,1.5885711999999999,9.0,4.0,New14,06102245+2234207,92.593568,22.572439000000003,10.644,10.091000000000001,9.746,0.022000000000000002,0.023,0.018000000000000002,AAA,J061022.48+223418.8,9.536,9.289,9.162,8.519,0.024,0.02,0.047,0.361,AAAC
5,9,A,BD+37 1541,06:35:38.65,+37:51:13.6,,,f0: V,40.0,Pec13,,,,,6400.0,50.0,2.5,0.25,7.9031262,0.17462951,1.6069878274615002,1.6021068979905255,1.6069878274615,0.39088269442390294,,98.9110285634473,98.9105288372953,,37.8537860067387,37.85278367848971,,-11.831135785880301,-11.694899759820304,,-19.9985918073247,-20.3334530590906,,218.854547181837,217.289607052767,,3.87790727408358,,201.48770749475005,,0.015558242486028015,,0.7028908001143145,,0.007150594535144692,,848.6976404827137,,-1.305599929781154E36,,19504.346375736528,,943408945458861312,98.9110285634473,0.015294548,37.8537860067387,0.015279418000000001,4.56924479238324,0.019287938,218.854547181837,0.92384040008056,GaiaE3,23.236166,-11.831135785880301,0.017537944,-19.9985918073247,0.014684837,GaiaE3,0.90491086,9.140927,0.0027600000000000003,9.35997,0.00288,8.767308,0.0038200000000000005,1.1865511999999998,0.67551434,1.6405603,Gaia2,06353865+3751139,98.911075,37.853882,8.342,8.195,8.138,0.023,0.017,0.02,AAA,J063538.64+375113.6,8.113999999999999,8.119,8.117,7.754,0.024,0.019,0.023,0.198,AAAB
5,10,B,Karmn J06353865+3751139 B,06:35:38.53,+37:51:10.0,,,m2.5 V,72.5,Cif20,This work,,,,,,,,,,,0.3908826944239028,,,,,,,,,,,,,,,,,,,,,,,,,,,,,,,,,,,943408949754423680,98.9105288372953,0.08628723,37.85278367848971,0.08569042,4.6021529219166,0.110013634,217.289607052767,5.19426879286566,GaiaE3,23.456768,-11.694899759820304,0.1255984,-20.3334530590906,0.106803395,GaiaE3,1.0988848999999998,16.438692,0.01951,15.29279,0.15788,14.646219,0.13817000000000002,4.2774982,,,,,,,,,,,,,,,,,,,,,,,
6,11,A,LSPM J0651+1845,06:51:00.85,+18:45:16.1,,,m4.5 V,74.5,Cif20,Ric12,,,A,3100.0,50.0,5.5,0.25,0.0037941067,9.15736E-5,0.169951344543667,0.1865401266703719,0.16995134454366698,0.169200165301791,,102.753542258584,102.76960691399799,,18.7544696621854,18.7274212802134,,199.531809673531,199.077768405139,,-244.131120316548,-243.712774716128,,63.8510096956818,64.0327097388611,,111.718850506426,,150.64255025308466,,0.001958104639942501,,0.015806455780634818,,0.002845687860619468,,7133.361406876232,,-7.111074725578075E33,,1461461.0377808742,,3365369045518882688,102.753542258584,0.04009038,18.7544696621854,0.04025202,15.661459462678303,0.04985565,63.8510096956818,0.20325906401766003,GaiaE3,315.2982,199.531809673531,0.049786687,-244.131120316548,0.040291533,GaiaE3,1.0571628999999998,15.930254000000001,0.00285,17.626585000000002,0.014980000000000002,14.679839000000001,0.00443,1.4836447,,,,06510059+1845205,102.75249699999999,18.755705,12.981,12.484000000000002,12.21,0.021,0.025,0.02,AAA,J065100.77+184517.5,12.025,11.831,11.379000000000001,8.218,0.022000000000000002,0.025,0.233,,AABU
6,12,B,LSPM J0651+1843,06:51:04.71,+18:43:38.7,,,m4.5 V,74.5,Cif20,,06511+1844,FMR 83,B,3100.0,50.0,5.5,0.25,0.0037651698,9.48215E-5,0.16920016530179105,0.18595518991904303,,,,,,,,,,,,,,,,,,,,,,,,,,,,,,,,,,,3365345302939679872,102.76960691399799,0.043316602999999995,18.7274212802134,0.040727597000000004,15.6170183032736,0.051634487,64.0327097388611,0.21171109967214002,GaiaE3,314.68695,199.077768405139,0.05523838,-243.712774716128,0.042899393,GaiaE3,1.0675561000000002,15.945476000000001,0.00292,17.646873,0.01241,14.694457,0.00411,1.4836768,,,,06510445+1843431,102.768567,18.728664000000002,12.982999999999999,12.527000000000001,12.216,0.023,0.023,0.018000000000000002,AAA,J065104.62+184340.0,12.062999999999999,11.821,11.526,8.926,0.023,0.023,0.255,,AABU
7,13,AaAb,1RXS J073138.4+455718,07:31:38.47,+45:57:15.8,,,M3 + m4.5 V,73.0,Ria06 + Cif20,Jan06,07316+4557,JNN 58,Aab,,,,,,,,0.4740128307711098,0.7897697714,0.504083004384763,0.231309792368114,112.910312471908,112.75530366918301,112.787604757073,45.95438722304,46.00689173984839,45.948773429466,-13.6898929816031,-13.515535357425001,-12.166984483881901,-92.771784181413,-100.846071448192,-99.9986489517286,55.9286515526704,55.1246438884538,54.3820152547972,431.39084167531996,307.796378521852,296.04196487970273,266.27939800728825,0.08612153810146402,0.07875734806356922,0.7609101804023224,1.457122393849885,0.01437559536831381,0.027653738378023755,24127.108067072175,17214.636403522505,-1.7469921982374333E34,-1.1235446715565393E34,4217118.968530255,2541585.53551555,975313444299150848,112.910312471908,0.32021955,45.95438722304,0.2766602,17.879923299389,0.41572058,55.9286515526704,1.30037982114211,GaiaE3,93.77642,-13.6898929816031,0.3892251,-92.771784181413,0.2829419,GaiaE3,20.804560000000002,12.766478,0.00829,14.09625,0.004529999999999999,11.4310875,0.0040100000000000005,1.6531061999999999,,,,07313848+4557173,112.91036499999998,45.954826000000004,9.776,9.196,8.92,0.021,0.019,0.018000000000000002,AAA,J073138.47+455716.4,8.801,8.639,8.512,8.417,0.022000000000000002,0.02,0.024,0.324,AAAB
7,14,B,1RXS J073101.9+460030,07:31:01.27,+46:00:24.8,,J07310+460,M4.0 V,74.0,AF15,This work,,,,3200.0,50.0,4.5,0.25,0.04457693,7.072589999999999E-4,0.5040830043847626,0.4557287806383927,,,,,,,,,,,,,,,,,,,,,,,,,,,,,,,,,,,975317464388545280,112.75530366918301,0.038787358,46.00689173984839,0.033961132000000005,18.140706759458197,0.05178796,55.1246438884538,0.15736943938091402,GaiaE3,101.74773,-13.515535357425001,0.048725538,-100.846071448192,0.034128457,GaiaE3,2.230331,12.896348,0.00285,14.488795999999999,0.0040100000000000005,11.665923,0.00394,1.4746165,,,,07310129+4600266,112.755384,46.007401,9.948,9.39,9.121,0.023,0.021,0.018000000000000002,AAA,J073101.28+460025.4,8.978,8.783999999999999,8.657,8.477,0.026000000000000002,0.026000000000000002,0.03,0.35100000000000003,AAAB
7,15,C,[SLS2012] PYC J07311+4556,07:31:09.03,+45:56:55.6,,,m4.5 V,74.5,Cif20,This work,,,,3100.0,50.0,3.5,0.25,0.006509515,1.061321E-4,0.23130979236811366,0.21223317453809187,,,,,,,,,,,,,,,,,,,,,,,,,,,,,,,,,,,975312928903090560,112.787604757073,0.028615495,45.948773429466,0.02323867,18.3884321924202,0.034122117,54.3820152547972,0.100912871081248,GaiaE3,100.736115,-12.166984483881901,0.034162644,-99.9986489517286,0.024475123999999997,GaiaE3,1.1046822,15.219314,0.00298,17.22351,0.00834,13.898357,0.00411,1.5354958,38.869,6.419,Ter15,07310905+4556573,112.787724,45.949253000000006,11.898,11.384,11.064,0.022000000000000002,0.024,0.019,AAA,J073109.02+455656.1,10.904000000000002,10.663,10.46,8.805,0.023,0.021,0.08800000000000001,,AAAU
8,16,A,HD 61606 A,07:39:59.40,-03:35:55.5,,,K3 V,63.0,Joy49,,,,,,,,,,,,0.7657499075080594,0.7657499075080592,0.619358163377964,0.5474377441500039,114.997514625771,115.012382869987,114.02980309738301,-3.59874371283939,-3.6049494037109397,-3.11206440976547,70.07843584920761,66.0077039531492,74.12861818710941,-278.117341127088,-286.705763106217,-293.118459698539,14.0781053830769,14.086023664256999,14.2298332290812,57.903267910631286,3894.17603106146,112.69538952584655,296.7091777404349,0.0331379363904637,0.05417605802034344,1.1774887168128234,0.049667579178387426,5.624536089647703E-4,0.010777575666302993,815.1683076704022,54822.62054553538,-1.026326670669074E36,-2.439847535967487E34,26597.183885368657,1.0907018735647246E7,3057712223051571200,114.997514625771,0.018219733999999998,-3.59874371283939,0.014970303999999999,71.03228543821591,0.024272812999999997,14.0781053830769,0.0048107028691192,GaiaE3,286.81046000000003,70.07843584920761,0.023703596,-278.117341127088,0.019026032,GaiaE3,1.0645962,6.889849000000001,0.00277,7.383493400000001,0.00294,6.234268,0.00386,1.2301868,-18.351914999999998,0.17700024,Gaia2,07395932-0335506,114.997194,-3.597414,5.492999999999999,5.063,4.885,0.027000000000000003,0.038,0.017,EAA,J073959.38-033553.9,4.886,4.601,4.888,4.856,0.207,0.111,0.015,0.034,BBAA
8,17,B,HD 61606 B,07:40:02.97,-03:36:17.8,,,K7 V,67.0,Gra03,,07400-0336,BGH 3,AB,,,,,,,,0.6193581633779637,,,,,,,,,,,,,,,,,,,,,,,,,,,,,,,,,,,3057712188691831936,115.012382869987,0.019521985,-3.6049494037109397,0.016382318,70.9923555316383,0.025244514,14.086023664256999,0.00500891707189788,GaiaE3,294.20605,66.0077039531492,0.023951234,-286.705763106217,0.019921629,GaiaE3,1.0220673,8.334735,0.00277,9.149768,0.00292,7.452567599999999,0.0038299999999999996,1.2909288,-19.008257,0.19269739,Gaia2,07400289-0336130,115.012079,-3.603621,6.377000000000001,5.7,5.568,0.024,0.026000000000000002,0.017,AAA,J074002.93-033616.0,5.478,5.349,5.49,5.417999999999999,0.11800000000000001,0.04,0.015,0.039,BAAA
8,18,C,BD-02 2198,07:36:07.15,-03:06:43.4,,J07361-031,M1.0 V,71.0,AF15,This work,,,,3700.0,50.0,5.0,0.25,0.060877502,9.3688356E-4,0.5474377441500042,0.5442894372019449,,,,,,,,,,,,,,,,,,,,,,,,,,,,,,,,,,,3060788519149063680,114.02980309738301,0.111883111298084,-3.11206440976547,0.0904628559947014,70.2748924672091,0.131082534790039,14.2298332290812,0.026542660455551002,Gaia2,302.34661865234403,74.12861818710941,0.144310265779495,-293.118459698539,0.0952024161815643,Gaia2,6.53109407424927,9.14237689971924,0.00285,10.139063835144,0.0035399999999999997,8.10684394836426,0.0038799999999999998,1.38210642337799,-17.191717147827195,0.37046417593956,Gaia2,07360708-0306385,114.029522,-3.110702,6.791,6.155,5.934,0.034,0.036000000000000004,0.018000000000000002,AAA,J073607.13-030641.3,5.965,5.7,5.746,5.597,0.109,0.048,0.016,0.045,AAAA
9,19,A,1RXS J074948.5-031712,07:49:50.75,-03:17:20.3,,J07498-032,M3.5 V,73.5,AF15,,,,,,,,,,,,0.31946381605930085,0.319463816059301,0.28143087373540804,0.30735047471563204,117.461460156959,117.460925373986,117.424880301464,-3.28895891187747,-3.2889935476426806,-3.3430177047924103,-174.256926461866,-139.058476451835,-161.90404158831498,-65.3294313668455,-37.450996735995396,-55.709599516572396,17.0407719723885,17.0480695465577,17.292878176475,1.92608783681941,234.855841233115,266.2882438423102,214.0393498876128,0.24127509437244338,0.08413078977140954,5.478002900506999,1.5633288990867504,4.282419940259377E-4,0.014794294794566289,32.8220236260306,4002.1248368369897,-4.832058046629558E36,-8.140399247109969E34,332.6943269604068,326621.6483656155,3080863574244739712,117.461460156959,0.03450644,-3.28895891187747,0.025926776000000002,58.68278747114979,0.046650715,17.0407719723885,0.0135468036015622,GaiaE3,186.10054,-174.256926461866,0.04421088,-65.3294313668455,0.032776065,GaiaE3,1.5745889,11.5510235,0.00285,13.150953,0.00895,10.249771,0.013069999999999998,1.5615941,,,,07495087-0317194,117.46198600000001,-3.288738,8.039,7.462000000000001,7.193,0.03,0.038,0.031,AAA,J074950.75-031720.0,6.875,6.795,6.702999999999999,6.523,0.045,0.019,0.015,0.067,AAAA
9,20,B,2MASS J07495087-0317194,07:49:50.62,-03:17:20.4,,,m3.5 V,73.5,Cif20,This work,,,,,,,,,,,0.28143087373540787,,,,,,,,,,,,,,,,,,,,,,,,,,,,,,,,,,,3080863574242572032,117.460925373986,0.034120616,-3.2889935476426806,0.02825469,58.6576677945284,0.044641487,17.0480695465577,0.0129744533605331,GaiaE3,144.01332,-139.058476451835,0.04618918,-37.450996735995396,0.040038433,GaiaE3,1.7436924999999999,11.919966,0.00283,13.461082999999999,0.0055,10.590733,0.02409,1.6072701999999999,,,,,,,,,,,,,,,,,,,,,,,
9,21,C,2MASS J07494215-0320338,07:49:41.97,-03:20:34.9,,J07497-033,M3.5 V,73.5,AF15,This work,,,,3200.0,50.0,4.5,0.25,0.01138334,1.6927060000000005E-4,0.30735047471563204,0.2964057718279518,,,,,,,,,,,,,,,,,,,,,,,,,,,,,,,,,,,3080857458209146368,117.424880301464,0.11263626,-3.3430177047924103,0.08806408,57.8272737363286,0.152055,17.292878176475,0.0454710800151729,GaiaE3,171.22055,-161.90404158831498,0.14210021,-55.709599516572396,0.10869604,GaiaE3,5.936157,11.802665,0.0028,13.402948,0.0032700000000000003,10.575302,0.00386,1.469731,-24.154,5.079,Ter15,07494215-0320338,117.42565800000001,-3.3427260000000003,8.891,8.342,8.025,0.027000000000000003,0.031,0.033,AAA,J074942.03-032034.5,7.827000000000001,7.6770000000000005,7.535,7.48,0.025,0.02,0.019,0.122,AAAB
10,22,A,LP 209-28,08:37:04.54,+39:07:56.9,6A,,m3: V,73.0,Cif20,,,,A,3700.0,50.0,5.0,0.25,0.014478916000000001,2.142582E-4,0.34204921418176903,0.37347256078047675,0.342049214181769,0.261212354080329,,129.268907774189,129.155327356902,,39.13247730586421,38.9696421607419,,-119.16860218096701,-116.408605544641,,-186.43463358038602,-179.56384404693,,104.752361779381,149.529311881697,,666.684229552223,,208.4793919695037,,0.03346372118792885,,0.36812637294736705,,0.42745527968735203,,69836.74760666235,,-2.2568484000785546E33,,3.1556578719739232E7,,911437797318670080,129.268907774189,0.021149691,39.13247730586421,0.015120966999999999,9.546324140224199,0.027239304,104.752361779381,0.29889844355940004,GaiaE3,221.26688,-119.16860218096701,0.02670659,-186.43463358038602,0.023072923,GaiaE3,1.0423843000000002,15.006717000000002,0.00278,15.998729,0.004229999999999999,14.018925,0.00392,1.3363577,,,,08370470+3908001,129.269608,39.133385,12.815999999999999,12.227,12.054,0.022000000000000002,0.022000000000000002,0.02,AAA,J083704.58+390757.9,11.923,11.754000000000001,11.495,8.798,0.024,0.023,0.17600000000000002,,AABU
10,23,B,LP 209-27,08:36:37.28,+38:58:10.7,6B,,m4 V,74.0,Cif20,Cab12c,08371+3908,KO 6,B,3200.0,50.0,5.5,0.25,0.008174911,3.210995E-4,0.2612123540803286,0.2643858760240434,,,,,,,,,,,,,,,,,,,,,,,,,,,,,,,,,,,911435078603824768,129.155327356902,0.05049718,38.9696421607419,0.034055356,6.687651988870032,0.06961951,149.529311881697,1.5566236761670802,GaiaE3,213.99565,-116.408605544641,0.064807154,-179.56384404693,0.052407082,GaiaE3,0.96392035,16.810738,0.0029100000000000003,18.349186,0.0124,15.610853,0.00471,1.4468873,,,,08363744+3858139,129.156034,38.970546999999996,14.009,13.478,13.245999999999999,0.026000000000000002,0.028999999999999998,0.031,AAA,J083637.32+385811.7,13.103,12.880999999999998,11.904000000000002,9.163,0.025,0.027000000000000003,,,AAUU
11,24,A,HD 77825,09:04:20.57,-15:54:51.8,,,K2 V,62.0,Hou88,,,,,4800.0,50.0,5.5,0.25,0.26012692,0.0028294118,0.7562661675302852,0.7496722061475714,0.756266167530285,0.42167823411177097,,136.085727087102,136.022661904722,,-15.9143868904249,-15.9219551113624,,-107.741992953437,-109.02683115446301,,-30.6857221062809,-32.5116909747031,,27.388195487343697,27.301429068638893,,220.02231250281397,,262.8780967090876,,0.01993013921928717,,0.7071796054347667,,0.003168022469567241,,6026.014106404495,,-9.335332587566104E34,,537918.0064390386,,5730445323098531456,136.085727087102,0.016243283,-15.9143868904249,0.014657358999999998,36.5120805590171,0.022065235,27.388195487343697,0.0165514251831626,GaiaE3,112.02656599999999,-107.741992953437,0.020702956,-30.6857221062809,0.016204786000000002,GaiaE3,1.0020374,8.463984,0.00279,8.978302000000001,0.00329,7.7906265,0.00406,1.2342145,4.388382,0.24251994,Gaia2,09042069-1554512,136.086247,-15.914234,7.005,6.542000000000001,6.388,0.024,0.049,0.023,AAA,J090420.61-155451.5,6.335,6.316,6.386,6.2170000000000005,0.085,0.024,0.015,0.057999999999999996,AAAA
11,25,B,1RXS J090406.8-155512,09:04:05.44,-15:55:19.0,,J09040-159,M2.5 V,72.5,AF15,This work,,,,3400.0,50.0,5.0,0.25,0.02500636,3.065366E-4,0.4216782341117712,0.41167437395845763,,,,,,,,,,,,,,,,,,,,,,,,,,,,,,,,,,,5730445043924684288,136.022661904722,0.01520907,-15.9219551113624,0.014351935,36.628119263863,0.021498904,27.301429068638893,0.0160245957042233,GaiaE3,113.77108999999999,-109.02683115446301,0.018430778999999998,-32.5116909747031,0.017106668999999998,GaiaE3,1.1135110000000001,11.753753999999999,0.00285,13.03037,0.004379999999999999,10.634352999999999,0.004079999999999999,1.4040247,4.4441166,0.32949206,Gaia2,09040555-1555184,136.023135,-15.921781,9.156,8.529,8.283999999999999,0.026000000000000002,0.042,0.036000000000000004,AAA,J090405.47-155518.8,8.156,8.049,7.96,7.805,0.022000000000000002,0.019,0.02,0.145,AAAB
12,26,A,2MASS J13181352+7322073,13:18:13.82,+73:22:05.6,,J13182+733,m3 V,73.0,Cif20,,,,,3300.0,50.0,4.0,0.25,0.014315213,1.250413E-4,0.34039645642033634,0.32080456587521766,0.340396456420336,0.0922899657267063,,199.557568082948,199.55462073159302,,73.36822856000059,73.3700990487235,,72.055380029972,70.0548507135431,,-107.54898993301201,-100.68743512108,,25.2947567732049,25.4608566178748,,7.3868408284621285,,335.727218544864,,0.055209960734638734,,1.0076803790358488,,0.006566572122403371,,186.8483420783289,,-2.965885281626022E35,,4377.73592263447,,1688578280891900416,199.557568082948,0.019707113999999998,73.36822856000059,0.019259717,39.5338847875112,0.020840067,25.2947567732049,0.0133339900375492,GaiaE3,129.45564,72.055380029972,0.02731405,-107.54898993301201,0.027172616,GaiaE3,1.4222066,12.396219,0.00281,13.92035,0.00324,11.192524,0.0038200000000000005,1.4536898999999999,,,,13181352+7322073,199.55633600000002,73.368713,9.541,8.926,8.74,0.022000000000000002,0.024,0.021,AAA,J131813.70+732206.3,8.542,8.367,8.242,8.024,0.022000000000000002,0.02,0.02,0.152,AAAB
12,27,B,Gaia DR2 1688578285187648128,13:18:13.11,+73:22:12.4,,J13182+733,M3.5 V,73.5,AF15,This work,,,,2500.0,50.0,5.5,0.25,6.200976E-4,1.72097E-5,0.09228996572670634,0.09017984685722347,,,,,,,,,,,,,,,,,,,,,,,,,,,,,,,,,,,1688578285187648128,199.55462073159302,0.09361629,73.3700990487235,0.08195253,39.2759762567435,0.0983,25.4608566178748,0.0637234880980807,GaiaE3,122.660675,70.0548507135431,0.114447035,-100.68743512108,0.11776537,GaiaE3,0.81395745,16.913014999999998,0.0030399999999999997,19.950125,0.05861,15.358951000000001,0.00586,1.8055363999999998,,,,13181281+7322139,199.55341299999998,73.370529,12.66,12.039000000000001,11.715,0.025,0.11,0.052000000000000005,ABA,,,,,,,,,,
13,28,A,HD 130666,14:47:46.40,+49:33:34.1,,,G5,45.0,Can93,,,,,4900.0,50.0,2.5,0.25,3.8260392999999997,0.94874865,1.3576135637944617,1.3148327737066667,1.35761356379446,0.167114213826948,,221.943340006791,221.93830555361998,,49.559485124355,49.567012284977295,,-63.58872679469461,-62.0761899697502,,-51.374074508061,-47.445693941149386,,104.012238969756,104.70637783076599,,29.5377542013817,,336.55003980437755,,0.05149335691078831,,1.5439674533546346,,0.00667362675667261,,3072.2879486240276,,-1.302661937388875E35,,146154.77009320378,,1591677019762324224,221.943340006791,0.02611652,49.559485124355,0.028911447000000003,9.61425318698091,0.032690097,104.012238969756,0.35365931341529705,GaiaE3,81.74853,-63.58872679469461,0.03202235,-51.374074508061,0.037905846,GaiaE3,2.0943177,8.441553,0.0027600000000000003,8.910845,0.00283,7.808767,0.00379,1.2246313999999998,-50.165485,0.17881615,Gaia2,14474650+4933349,221.943791,49.559708,7.031000000000001,6.608,6.492000000000001,0.03,0.018000000000000002,9.998,AAF,J144746.43+493334.4,6.457999999999999,6.454,6.4879999999999995,6.417999999999999,0.077,0.024,0.015,0.049,AAAA
13,29,B,2MASS J14474531+4934020,14:47:45.19,+49:34:01.2,,,m4.5 V,74.5,Cif20,This work,,,,3000.0,50.0,5.5,0.25,0.0036852197,1.1388814E-4,0.16711421382694835,0.1703194542560702,,,,,,,,,,,,,,,,,,,,,,,,,,,,,,,,,,,1591688766497064064,221.93830555361998,0.05407875400000001,49.567012284977295,0.061617545999999995,9.55051660383354,0.06865081,104.70637783076599,0.752648044961549,GaiaE3,78.1316,-62.0761899697502,0.06766741,-47.445693941149386,0.08113207,GaiaE3,1.1229193000000002,17.273874,0.00303,19.227055,0.03719,15.964851000000001,0.00541,1.5254704,,,,14474531+4934020,221.93881800000003,49.56723,14.032,13.402999999999999,13.198,0.027999999999999997,0.027000000000000003,0.026000000000000002,AAA,J144745.27+493401.4,12.7,12.512,11.777000000000001,8.972999999999999,0.024,0.023,0.18600000000000003,,AABU
14,30,A,TYC 2565-684-1,15:08:10.72,+33:09:57.8,,,g1 V,51.0,Pec13,,,,,5700.0,50.0,2.5,0.25,1.1813983000000001,0.015160953999999999,1.0441868580634701,1.0635440236734892,1.04418685806347,0.32443158228032204,,227.04468375558,227.032990620316,,33.1660598077356,33.1732095655926,,-39.9257886265552,-40.2244665019882,,77.0942299923434,76.90509478149009,,198.100583477816,199.169862426852,,43.6357831438803,,306.1504762584097,,0.004071974796571165,,0.23251227192463425,,0.005397656737117818,,8644.274101314137,,-6.913164650001766E34,,786523.8294659245,,1288859457205556864,227.04468375558,0.011441781000000002,33.1660598077356,0.013880563,5.0479407099373,0.019078493000000002,198.100583477816,0.7487133491360619,GaiaE3,86.81929000000001,-39.9257886265552,0.014729972,77.0942299923434,0.018123848,GaiaE3,1.498908,10.931433,0.0027600000000000003,11.259350999999999,0.00282,10.435116,0.00379,1.2010424,-19.186394,3.3976227999999997,Gaia2,15081078+3309564,227.04493,33.165690999999995,9.895,9.604,9.515,0.02,0.022000000000000002,0.017,AAA,J150810.74+330957.4,9.478,9.52,9.437999999999999,9.622,0.023,0.02,0.028999999999999998,0.532,AAAC
14,31,B,2MASS J15080798+3310222,15:08:07.92,+33:10:23.6,,,m3 V,73.0,Cif20,This work,,,,3200.0,50.0,4.5,0.25,0.0128213605,5.337892E-4,0.3244315822803221,0.30942258941070566,,,,,,,,,,,,,,,,,,,,,,,,,,,,,,,,,,,1288860213119802112,227.032990620316,0.03666211,33.1732095655926,0.04535406,5.0208399394123395,0.060887083,199.169862426852,2.41530741689043,GaiaE3,86.789406,-40.2244665019882,0.05056083,76.90509478149009,0.06330078,GaiaE3,1.0427074,16.984270000000002,0.00283,18.472214,0.01658,15.779243,0.0045899999999999995,1.4612929,,,,15080798+3310222,227.03325,33.17284,14.081,13.51,13.222000000000001,0.037000000000000005,0.032,0.038,AAA,,,,,,,,,,
15,32,A,HD 134494,15:09:09.91,+33:03:37.4,,,K0 IV,60.0,Can93,,,,A,4800.0,50.0,5.5,0.25,39.155777,1.0678196000000002,2.383643238009012,2.552825261835582,2.3836432380090096,1.1207407075456999,0.348545441661667,227.291292806778,227.28380480758702,227.291281184957,33.060383723035805,33.062060006942204,33.0587583121126,13.2835317887293,13.422567228617199,13.2705358267902,-23.0586657434735,-22.865790430135498,-23.234088628502196,276.07046959876203,274.342585848552,242.46957652893695,23.384244341152897,5.8515843864392885,284.9572358983116,180.34334465064848,0.008934746470714208,0.006610142693831824,0.46839356272020005,0.21162377655742964,0.006258850331661022,0.12171129030446562,6455.6993164742735,1615.4496494610783,-8.36713203642636E35,-9.072172889179619E35,313810.7378203972,42055.97584914061,1288848427729519104,227.291292806778,0.011950253999999999,33.060383723035805,0.016019031,3.62226355268418,0.020684673,276.07046959876203,1.5764803707823203,GaiaE3,26.611168,13.2835317887293,0.0152476365,-23.0586657434735,0.019988582,GaiaE3,1.0308573,8.04551,0.0027600000000000003,8.551224000000001,0.00281,7.378675,0.00379,1.2331208999999999,0.1524429,0.13027343,Gaia2,15090989+3303379,227.291217,33.060528000000005,6.511,6.016,5.888999999999999,0.021,0.018000000000000002,0.018000000000000002,AAA,J150909.90+330337.5,5.867999999999999,5.856,5.879,5.807,0.115,0.043,0.015,0.033,BAAA
15,33,B,BD+33 2548B,15:09:08.11,+33:03:43.4,,,f9 V,49.5,Pec13,Her26,15092+3304,HJ 566,B,6100.0,50.0,3.0,0.25,1.6293778,0.030682597000000002,1.1207407075457008,1.144168308984895,,,,,,,,,,,,,,,,,,,,,,,,,,,,,,,,,,,1288848049772397440,227.28380480758702,0.011480241,33.062060006942204,0.014751725,3.6450775475012795,0.018803915,274.342585848552,1.41525512089933,GaiaE3,26.514329999999998,13.422567228617199,0.014788113,-22.865790430135498,0.01878907,GaiaE3,1.172223,11.266117,0.00277,11.527216000000001,0.00282,10.843595500000001,0.00379,1.1913881000000002,0.022882286,0.6056333,Gaia2,15090809+3303438,227.283709,33.06218,10.359000000000002,10.122,10.081,0.021,0.019,0.018000000000000002,AAA,J150908.12+330343.5,9.958,9.96,9.832,8.447000000000001,0.023,0.02,0.035,0.16399999999999998,AAAB
15,34,C,Gaia DR2 1288848427727490048,15:09:09.91,+33:03:31.5,,,m3 V,73.0,Cif20,This work,,,,,,,,,,,0.3485454416616669,,,,,,,,,,,,,,,,,,,,,,,,,,,,,,,,,,,1288848427727490048,227.291281184957,0.06945992,33.0587583121126,0.076722026,4.12422875609987,0.10012429,242.46957652893695,5.88645674919313,GaiaE3,26.756868,13.2705358267902,0.10983118,-23.234088628502196,0.10691302,GaiaE3,1.3432950000000001,17.050686,0.00545,16.928114,0.08982000000000001,15.311109,0.041639999999999996,2.901393,,,,,,,,,,,,,,,,,,,,,,,
16,35,AaAbAc,HD 149162,16:32:51.23,+03:14:42.7,,,K0 Ve + k6 V + m5 V,60.0,Joh86 + Cif20,Hor12,16329+0315,DSG 7,Aabc,,,,,,,,0.8943660549011687,1.7393660549011691,0.362821141875645,0.0985475315632014,248.21345880210202,248.260021936629,248.26122330825,3.2452074162819398,3.1928626764008796,3.1915549812263397,-373.82867424785286,-369.146871107295,-369.411707551095,-183.100953313215,-186.158374331282,-189.68889249920602,45.25494157232679,45.187384530311796,45.4301803252604,252.032414425943,258.419845000219,138.3890016506009,138.3662394385381,0.013433133553380446,0.019054396665407293,0.6659415615159524,1.0844332483036963,0.0014928102803320716,0.0038722567491008934,11405.712189178503,11694.774986614659,-1.2104624046916456E35,,958960.0445390975,,4433380077474648192,248.21345880210202,0.40270427,3.2452074162819398,0.28454342,22.097034384671396,0.5227828,45.25494157232679,1.07066426458698,GaiaE3,416.26175,-373.82867424785286,0.5075061,-183.100953313215,0.48325112,GaiaE3,28.569544,8.585478,0.00277,9.046499,0.00283,7.944064,0.0038200000000000005,1.2342452,-64.14244000000001,7.278564,Gaia2,16325161+0314456,248.21505200000001,3.246006,7.159,6.7,6.561,0.024,0.055,0.018000000000000002,AAA,J163251.37+031443.8,6.49,6.447,6.446000000000001,6.374,0.08199999999999999,0.027000000000000003,0.016,0.062,AAAA
16,36,B,G 17-23,16:33:02.41,+03:11:34.3,,J16330+031,M3.0 V,73.0,AF15,Lep01,16329+0315,LEP 79,AB,3300.0,50.0,5.0,0.25,0.016696764,1.976156E-4,0.3628211418756446,0.35024623641773456,,,,,,,,,,,,,,,,,,,,,,,,,,,,,,,,,,,4433378806164302464,248.260021936629,0.012930612,3.1928626764008796,0.008368109,22.130070381241,0.01646219,45.187384530311796,0.03361414116295,GaiaE3,413.43,-369.146871107295,0.016875524,-186.158374331282,0.014195791999999999,GaiaE3,1.1452476999999999,13.387210000000001,0.00278,14.813503,0.00305,12.218272,0.0038299999999999996,1.4303033,,,,16330278+0311372,248.26160699999997,3.193668,10.625,10.011000000000001,9.775,0.026000000000000002,0.023,0.021,AAA,J163302.54+031135.3,9.641,9.506,9.367,8.476,0.022000000000000002,0.021,0.036000000000000004,0.358,AAAC
16,37,C,LSPM J1633+0311S,16:33:02.69,+03:11:29.6,,,D:,,Mon18,This work,16329+0315,DAM 649,C,,,,,,,,0.0985475315632014,,,,,,,,,,,,,,,,,,,,,,,,,,,,,,,,,,,4433378806161595904,248.26122330825,0.090301365,3.1915549812263397,0.058535643,22.0117990472508,0.114290565,45.4301803252604,0.23588444389666502,GaiaE3,415.26724,-369.411707551095,0.12977429999999998,-189.68889249920602,0.10767927,GaiaE3,0.9969109,17.79365,0.00298,18.221204999999998,0.01695,17.301712,0.02137,1.1513520000000002,,,,16330306+0311325,248.262762,3.1923630000000003,16.314,15.918,13.15,0.27899999999999997,0.35200000000000004,,DDU,,,,,,,,,,
17,38,Aab,G 125-15,19:31:12.38,+36:07:28.2,,J19312+361AB,M4.5 V + M5,74.5,AF15 + Shk10,,,,A,,,,,,,,0.4004634122517814,0.5954634123,0.28024897147982203,,292.801592957687,292.79815279829603,,36.1244881033105,36.1368979540748,,-129.778038448075,-130.266202717022,,-106.444418983705,-105.10157755864599,,40.0829484415432,40.0539874686331,,45.781557181968296,,347.38079949136556,,0.008512614432438639,,0.461391717425577,,7.225260125845123E-4,,1835.059796098397,,-1.604179533324956E35,,101872.27200679305,,2051425982875376896,292.801592957687,0.016531575,36.1244881033105,0.019132003,24.948264508495306,0.022058425,40.0829484415432,0.0354400087298888,GaiaE3,167.84741,-129.778038448075,0.021895925,-106.444418983705,0.026215421000000003,GaiaE3,1.358463,12.684928,0.0029100000000000003,14.38998,0.00591,11.424456,0.00446,1.4948201,-22.31,1.24,Shk10,19311257+3607300,292.80239500000005,36.125027,9.609,9.061,8.839,0.022000000000000002,0.02,0.019,AAA,J193112.44+360728.7,8.667,8.437999999999999,8.353,8.027999999999999,0.022000000000000002,0.018000000000000002,0.02,0.151,AAAB
17,39,B,G 125-14,19:31:11.56,+36:08:12.8,,,M4.5 V,74.5,Cab10,Gic61,19312+3607,GIC 158,B,3200.0,50.0,4.0,0.25,0.009392456,9.42172E-5,0.2802489714798222,0.2680418824606434,,,,,,,,,,,,,,,,,,,,,,,,,,,,,,,,,,,2051426227695505536,292.79815279829603,0.011591065,36.1368979540748,0.013630225,24.9663033120764,0.015195328000000001,40.0539874686331,0.0243781976725152,GaiaE3,167.3787,-130.266202717022,0.015390694,-105.10157755864599,0.018178819,GaiaE3,1.2031916,13.912002,0.00279,15.550204999999998,0.0034799999999999996,12.680487,0.0038399999999999997,1.4690264,,,,19311174+3608147,292.798957,36.137432000000004,10.924000000000001,10.408,10.137,0.022000000000000002,0.02,0.017,AAA,J193111.62+360813.4,10.005,9.807,9.73,8.681000000000001,0.023,0.02,0.038,,AAAU
18,40,Aab,LP 395-8 A,20:19:49.36,+22:56:38.1,,J20198+229,M3.0 V + m0 V,73.0,Lep13 + Cif20,Lep13,,,Aab,,,,,,,,0.513133765227594,0.969,0.305496403357681,0.0774158338293228,304.955667962031,304.955622524891,304.953027764286,22.9439216572186,22.9444526933747,22.9457810299187,83.56472437403521,63.6126227723693,88.08606089598742,106.536259013708,122.154914153919,112.33816171131001,29.5007067572861,29.502012083980397,29.465533936697106,1.91765543963038,11.018893100475099,355.4947620872758,307.4079261774325,0.18713715463654454,0.05432499750881864,10.601452566065038,0.009331795654416762,4.424730244723535E-5,0.0011922704387516546,56.5721907860504,325.0651341469989,-9.230621937325034E36,-4.070870291887601E35,432.265733732005,5953.904981184548,1829571684890816384,304.955667962031,0.016279768,22.9439216572186,0.01570422,33.8974929728766,0.025925463,29.5007067572861,0.0225627152462823,GaiaE3,135.39955,83.56472437403521,0.019041022,106.536259013708,0.01969087,GaiaE3,1.4843875,11.0225115,0.00293,12.26463,0.006509999999999999,9.847702,0.00759,1.4730453000000001,,,,20194925+2256367,304.955228,22.943539,8.166,7.52,7.2829999999999995,0.021,0.033,0.018000000000000002,AAA,J201949.32+225637.8,7.026,6.982,6.893,6.857,0.044000000000000004,0.019,0.017,0.098,AAAA
18,41,B,LP 395-8 B,20:19:49.35,+22:56:40.0,,,m3.5 V,73.5,Cif20,Kna15,20198+2257,KPP 4191,B,,,,,,,,0.30549640335768125,,,,,,,,,,,,,,,,,,,,,,,,,,,,,,,,,,,1829571684890816512,304.955622524891,0.036406152000000004,22.9444526933747,0.031106701,33.8959931666153,0.053346682,29.502012083980397,0.0464312831687243,GaiaE3,137.72576999999998,63.6126227723693,0.040708635,122.154914153919,0.03931257,GaiaE3,1.6385020000000001,12.874841,0.0028399999999999996,,,,,,,,,,,,,,,,,,,,,,,,,,,,
18,42,C,Gaia DR2 1829571684884360832,20:19:48.73,+22:56:44.8,,,m9: V,79.0,Cif20,This work,,,,,,,,,,,0.0690802035579754,,,,,,,,,,,,,,,,,,,,,,,,,,,,,,,,,,,1829571684884360832,304.953027764286,0.2134024,22.9457810299187,0.20053698,33.9379561947993,0.34179783,29.465533936697106,0.29675492246930796,GaiaE3,142.7551,88.08606089598742,0.25243258,112.33816171131001,0.25585207,GaiaE3,1.0464046,19.444101,0.00391,21.650103,0.23255,17.856106,0.01806,1.9123026,,,,20194861+2256426,304.952566,22.945180999999998,13.82,13.169,12.873,0.111,0.122,0.07200000000000001,BBA,,,,,,,,,,
19,43,A,HD 212168,22:25:51.39,-75:00:56.3,5A,,G0 V,40.0,Gra06,,,,A,5900.0,50.0,2.5,0.25,1.588957,0.028559865,1.114531347740326,1.131863890319,1.11453134774033,0.720273875453732,0.0935427034487635,336.464132457645,336.486195986411,336.68607825863603,-75.01563081404821,-75.0145567368793,-75.0617623826722,57.3852939576841,33.3303137868757,58.739380640156895,12.8353437667007,-3.78508163345361,11.779124547360402,23.4071871611028,23.4235933891328,23.4539234130613,20.8982776089343,264.82117663746897,79.34813941172499,128.94480559073534,0.49722352442908463,0.029204336846821083,19.086716577150856,1.268570082159282,7.009055772947977E-4,0.0019966624625518477,489.1698953370091,6198.718845776701,-2.894904970348407E36,-2.9669098411566234E34,10248.295533203767,462290.4971200106,6357835694518769408,336.464132457645,0.016309217,-75.01563081404821,0.01834429,42.72192096886221,0.019622486,23.4071871611028,0.0107510896502731,GaiaE3,58.803215,57.3852939576841,0.02074802,12.8353437667007,0.02288148,GaiaE3,1.0173064,5.9771047,0.00277,6.2762847,0.0029,5.5083547,0.00387,1.1987549,14.513281,0.13926691,Gaia2,22255115-7500565,336.463139,-75.015709,5.2620000000000005,4.768,4.705,0.276,0.021,0.016,DEE,J222551.45-750056.1,4.49,4.288,4.632,4.552,0.34,0.135,0.023,0.03,BBAA
19,44,BaBb,CPD-75 1748B,22:25:56.69,-75:00:52.4,5B,,k3 V+,63.0,Pec13,Dun29 + Tok79,22259-7501,DUN  + TOK 434,AB + Bab,,,,,,,,0.7202738754537323,,,,,,,,,,,,,,,,,,,,,,,,,,,,,,,,,,,6357835488360338560,336.486195986411,0.20829268,-75.0145567368793,0.21553640000000002,42.6919979094217,0.24791378,23.4235933891328,0.13602154648755302,GaiaE3,33.544548,33.3303137868757,0.29625785,-3.78508163345361,0.29670525,GaiaE3,16.763857,8.3805275,0.00281,9.066047,0.0029,7.564875,0.00381,1.2779325000000001,17.860056,0.5895302,Gaia2,22255641-7500527,336.485059,-75.014664,6.559,5.937,5.809,0.028999999999999998,0.021,0.023,AAA,J222556.38-750052.6,5.292999999999999,5.402,5.528,5.432,0.188,0.064,0.015,0.035,BAAA
19,45,C,DENIS J222644.3-750342,22:26:44.66,-75:03:42.3,5C,,M8,78.0,Rei08,Cab12b,22259-7501,KO 5,AC,2400.0,38.0,5.0,0.25,7.05805E-4,1.1194000000000003E-5,0.09354270344876348,0.08890262884192968,,,,,,,,,,,,,,,,,,,,,,,,,,,,,,,,,,,6357834388848708224,336.68607825863603,0.06422614,-75.0617623826722,0.07068556,42.63678969136169,0.077921085,23.4539234130613,0.0428633387523289,GaiaE3,59.908787,58.739380640156895,0.08375613,11.779124547360402,0.09233484,GaiaE3,1.1887303999999999,16.7983,0.00313,20.28171,0.06955,15.238532999999999,0.00425,1.7999063999999998,17.0,2.0,Bur15,22264440-7503425,336.685025,-75.061813,12.353,11.696,11.245999999999999,0.023,0.027000000000000003,0.023,AAA,J222644.57-750342.4,10.972999999999999,10.718,10.277000000000001,9.187999999999999,0.023,0.02,0.062,,AAAU
20,46,A,SLW J2305+0613 A,23:05:51.69,+06:13:34.6,,,M1.7,72.0,Dhi10,,,,A,3500.0,50.0,5.5,0.25,0.05172289,0.0022388345,0.5248391397388317,0.5101006072026415,0.524839139738832,0.3864841238352461,0.31226033677513104,346.46539164916,346.398524624561,346.441986399937,6.2262719513028,6.21559387828563,6.231689690097281,43.58382005269011,42.1575280604296,42.7806394475303,-5.2906615014481115,-9.78387678686037,-6.30849549770158,216.93270931361,129.152526147649,212.18989963655,242.371651546944,86.0022156501772,260.8777594194486,283.10902985846593,0.10737481985217019,0.029532016378260518,6.144546973516912,1.4671667673150812,0.40464245084894535,0.02186304542116572,,18656.69364796629,,-1.549574428346949E34,,3517605.367034489,2663581869069215232,346.46539164916,0.038720887,6.2262719513028,0.028903412000000003,4.60972438487524,0.040530216,216.93270931361,1.90734387391878,GaiaE3,43.903763,43.58382005269011,0.04410331,-5.2906615014481115,0.03315471,GaiaE3,1.0808761999999998,15.383119,0.00282,16.52161,0.00615,14.314762,0.0041600000000000005,1.3801806,,,,23055164+0613346,346.4652,6.226287999999999,12.913,12.32,12.093,0.025,0.026000000000000002,0.027000000000000003,AAA,J230551.67+061334.6,11.950999999999999,11.856,11.555,8.776,0.023,0.022000000000000002,0.242,,AABU
20,47,B,SLW J2305+0613 B,23:05:35.65,+06:12:56.1,,,M3.2,73.0,Dhi10,Dhi10,23059+0614,SLW 1300,AB,3300.0,50.0,4.5,0.25,0.019633716000000002,0.0017845876999999998,0.386484123835246,0.2527718114819075,,,,,,,,,,,,,,,,,,,,,,,,,,,,,,,,,,,2663581594191285632,346.398524624561,0.08098165,6.21559387828563,0.058275547000000004,7.742783124944731,0.08366659,129.152526147649,1.39559009703462,GaiaE3,43.277954,42.1575280604296,0.092154,-9.78387678686037,0.064399645,GaiaE3,1.0863486999999998,16.617231,0.003,18.145826,0.0359,15.431916000000001,0.00606,1.4315468,,,,23053560+0612562,346.398371,6.215624,13.825999999999999,13.232999999999999,12.96,0.026000000000000002,0.03,0.034,AAA,J230535.62+061256.1,12.808,12.645999999999999,12.174000000000001,8.713,0.024,0.026000000000000002,,,AAUU
20,48,C,SLW J2305+0613 C,23:05:46.08,+06:13:54.1,,,M3.7,74.0,Dhi10,Dhi10,23059+0614,SLW 1299,BC,3200.0,50.0,4.0,0.25,0.011780948000000001,0.0011027277,0.312260336775131,0.2896204996163405,,,,,,,,,,,,,,,,,,,,,,,,,,,,,,,,,,,2663582036572505472,346.441986399937,0.09502376,6.231689690097281,0.07245176,4.7127596634564295,0.10107714,212.18989963655,4.550953098342268,GaiaE3,43.243266999999996,42.7806394475303,0.11710989,-6.30849549770158,0.08421597,GaiaE3,0.9367045,17.313517,0.0030399999999999997,18.896282,0.0292,16.087598999999997,0.006940000000000001,1.4706988,,,,23054603+0613541,346.441804,6.231705000000001,14.397,13.811,13.434000000000001,0.034,0.037000000000000005,0.039,AAA,J230546.06+061354.1,13.415,13.234000000000002,11.915,8.603,0.026000000000000002,0.03,,,AAUU
21,49,A,HD 221356,23:31:31.69,-04:05:17.7,3A,,F7 V,37.0,Hou99,,,,A,6000.0,50.0,2.5,0.25,1.3736535,0.014762431000000001,1.079311270167064,1.094544597171618,1.07931127016706,0.0855948157308024,0.0791935474495391,352.882055259355,352.75756500889,352.879751091622,-4.08825556776875,-4.10626302307298,-4.090844364049819,178.130075644736,176.336645033624,169.942592064043,-191.845176338768,-189.379567073017,-194.588765905528,25.8322603666382,25.9654878672033,25.944379887380094,451.6956219075489,12.462476808515902,261.7440370363996,221.59818491142263,0.011646176282737331,0.03298400556579082,0.08046673497915208,1.7449132607572466,0.0051574077790405995,0.004340290750812329,11668.318911586368,321.933945730773,-2.664128260871383E34,-4.68353553214923E35,1204769.3416160848,5560.130758281946,2633449134434620288,352.882055259355,0.021193568,-4.08825556776875,0.01587865,38.7112852614121,0.023811044,25.8322603666382,0.0158892448043468,GaiaE3,261.79172,178.130075644736,0.028434431,-191.845176338768,0.016991992,GaiaE3,0.95663774,6.3626,0.00277,6.633222999999999,0.00298,5.9221262999999995,0.00389,1.1967641000000002,-12.465452,0.17929095,Gaia2,23313149-0405143,352.881212,-4.087308,5.4879999999999995,5.263999999999999,5.15,0.019,0.038,0.017,AAA,J233131.61-040516.6,5.087,4.931,5.16,5.129,0.184,0.078,0.016,0.032,BAAA
21,50,BC,2MASSW J2331016-040618,23:31:01.82,-04:06:22.5,3BC,,M8.0 V + L3.0 V,78.0,Clo02 + Cab07b,Cab07b,23315-0405,KO 3 + CLO 4,BC,,,,,,,,0.161,,,,,,,,,,,,,,,,,,,,,,,,,,,,,,,,,,,2633426216489127296,352.75756500889,0.13451704,-4.10626302307298,0.116438165,38.512659770321,0.15689956,25.9654878672033,0.105782712641651,GaiaE3,258.76482999999996,176.336645033624,0.17089409,-189.379567073017,0.12501718,GaiaE3,1.1475218999999999,17.203163,0.00366,20.374579999999998,0.12164000000000001,15.632026999999999,0.00526,1.8283068999999998,,,,23310161-0406193,352.756735,-4.105385,12.937999999999999,12.294,11.954,0.024,0.026000000000000002,0.03,AAA,J233101.74-040621.5,11.640999999999998,11.388,11.139000000000001,9.022,0.023,0.021,0.152,,AABU
21,51,D,2MASS J23313095-0405234,23:31:31.14,-04:05:27.0,3D,,L1,81.0,Gau12,Gau12,23315-0405,GZA 1,AD,,,,,,,,0.0791935474495391,,,,,,,,,,,,,,,,,,,,,,,,,,,,,,,,,,,2633449095780158720,352.879751091622,0.32909355,-4.090844364049819,0.30685443,38.5439931245541,0.35954255,25.944379887380094,0.24201199062935103,GaiaE3,258.35107,169.942592064043,0.40502512,-194.588765905528,0.30136028,GaiaE3,1.1982542,18.526903,0.01258,18.694937,0.11955999999999999,16.68222,0.03281,2.9231277,,,,23313095-0405234,352.878963,-4.089859,12.198,11.892999999999999,12.485999999999999,,,0.132,UUB,,,,,,,,,,
22,52,A,StKM 2-1787,23:53:35.58,+12:06:20.4,,,K4 V,64.0,Ste86,,,,A,4000.0,50.0,4.5,0.25,0.11035281,9.152035E-4,0.6297908889474566,0.6212380382906089,0.629790888947457,0.5380941268115382,,358.398266448063,358.398689724191,,12.105672886391199,12.1041202111364,,40.2652799921193,44.1219300428421,,-113.773177925982,-110.988988922354,,37.2583018397418,37.324654257374895,,5.78479165543971,,165.07480934688314,,0.03941250792218546,,2.1902203479379203,,0.0017808760559860743,,215.53151357839235,,-2.773626186609333E36,,3987.27494510293,,2766669467950452480,358.398266448063,0.014657041,12.105672886391199,0.012109315,26.839655878608603,0.01969605,37.2583018397418,0.0273416834876606,GaiaE3,120.68815,40.2652799921193,0.022622176,-113.773177925982,0.013565509,GaiaE3,1.1832498,10.426145,0.00277,11.23917,0.0028899999999999998,9.542011,0.0038,1.2932819,-21.684647000000002,0.48866513,Gaia2,23533553+1206223,358.398075,12.106205000000001,8.402999999999999,7.757000000000001,7.603,0.019,0.027000000000000003,0.034,AAA,J235335.54+120621.0,6.678999999999999,5.859,6.438,6.841,0.021,0.015,0.016,0.098,AAAA
22,53,B,TYC 1174-955-2,23:53:35.69,+12:06:14.8,,J23535+121,M2.5 V,72.5,Lep13,Vys56,23536+1207,VYS 11,B,3500.0,50.0,4.5,0.25,0.07026523,8.792317E-4,,0.5380941268115382,,,,,,,,,,,,,,,,,,,,,,,,,,,,,,,,,,,2766669467950452608,358.398689724191,0.025445974,12.1041202111364,0.019642161,26.7919427492731,0.034995064,37.324654257374895,0.0487526670513711,GaiaE3,119.43743,44.1219300428421,0.039178256,-110.988988922354,0.022078822999999997,GaiaE3,1.520485,11.296652,0.00283,12.511248,0.00315,10.192287,0.00387,1.4009471000000002,,,,23533563+1206167,358.398471,12.104661,8.67,8.031,7.84,0.028999999999999998,0.024,0.031,AAA,,,,,,,,,,
